ROUGE-1,ROUGE-2,ROUGE-L,METEOR,BLEU,BERTScore,Model
0.34883720436992977,0.06818181327479374,0.32558139041644135,0.2860383064516129,5.48266084019046e-155,0.8991312980651855,nemotron-mini
0.4705882302948097,0.229166661701389,0.42352940676539796,0.3958691910499139,0.17896311847142105,0.8940067887306213,nemotron-mini
0.2666666617742223,0.07692307208415546,0.23999999510755565,0.1966843807763401,3.6922935867684794e-155,0.8519812226295471,nemotron-mini
0.15384614974112437,0.0,0.15384614974112437,0.15564853556485356,5.3467778387733563e-79,0.8650540113449097,nemotron-mini
0.27848100779362284,0.1348314559525314,0.25316455209742034,0.21652470187393524,0.0871789640036787,0.8632138967514038,nemotron-mini
0.29508196234748735,0.05555555074459918,0.26229507710158567,0.31892680265256446,1.505642039889299e-78,0.8579449653625488,nemotron-mini
0.33333332879247024,0.1449275316950222,0.30303029848943985,0.46675935786691913,0.08966592262979808,0.8784435391426086,nemotron-mini
0.4153846103952663,0.13605441678744987,0.3692307642414202,0.3531681530494821,0.11588978760701636,0.8857188820838928,nemotron-mini
0.19999999722222223,0.06779660758402768,0.19999999722222223,0.10945487181488271,3.991298696960618e-80,0.8635141849517822,nemotron-mini
0.29333332837688897,0.04999999515312547,0.213333328376889,0.17353259692440978,3.525651741014177e-155,0.871562123298645,nemotron-mini
0.3421052583275624,0.18181817702737615,0.31578946885387815,0.25444910771834695,0.13170021119670108,0.8743197917938232,nemotron-mini
0.15384614884675782,0.0,0.15384614884675782,0.14358108108108109,3.4474367665037588e-155,0.8553903102874756,nemotron-mini
0.2608695606805294,0.06249999536675382,0.21739129981096417,0.309927204792888,0.06834041280676516,0.8576504588127136,nemotron-mini
0.4666666617555556,0.17475727684795941,0.4666666617555556,0.3139240506329114,0.13879098407867857,0.8919922709465027,nemotron-mini
0.27027026540175314,0.051948047016360736,0.21621621134769914,0.22946977834195886,4.836778767233448e-155,0.8619621992111206,nemotron-mini
0.577319582654905,0.2970296979825508,0.556701025953874,0.5800617663228018,0.26562129973932264,0.9145930409431458,nemotron-mini
0.13333332833333353,0.031249995004883614,0.13333332833333353,0.11392405063291139,3.5811121042759138e-155,0.8438615798950195,nemotron-mini
0.5050505000918274,0.2718446552059573,0.46464645968778695,0.4863709492918871,0.22455964026371708,0.9022723436355591,nemotron-mini
0.1568627403306422,0.0,0.11764705405613245,0.0958904109589041,2.664854887307509e-155,0.8800665140151978,nemotron-mini
0.29906541557166566,0.0499999950125005,0.24299064921652555,0.23129637423618904,1.4900770916196482e-78,0.8651333451271057,nemotron-mini
0.12765956965142616,0.0,0.12765956965142616,0.07668711656441718,5.63021527869305e-232,0.8513267040252686,nemotron-mini
0.3298969023063025,0.07619047129251733,0.30927834560527157,0.3401654081265733,1.5937897736508344e-78,0.8685850501060486,nemotron-mini
0.4888888839283951,0.22857142364807267,0.4666666617061728,0.40290362674120234,0.1135934605928923,0.8930479288101196,nemotron-mini
0.3076923029585799,0.052173908406805705,0.2884615337278107,0.3040178571428571,5.05568291634442e-155,0.874440610408783,nemotron-mini
0.20618556212987577,0.03883494666415367,0.18556700542884486,0.14412788857233302,1.0305661052932644e-78,0.8537474870681763,nemotron-mini
0.19047618639455788,0.03571428179209227,0.15238094829931983,0.10439088052648506,8.544565697990187e-156,0.8429514765739441,nemotron-mini
0.2298850524877792,0.06249999505425387,0.2298850524877792,0.19823978071011078,1.4850332525602935e-78,0.8600861430168152,nemotron-mini
0.19672130648750352,0.0,0.13114753599570028,0.25679639029892837,3.741919378248282e-155,0.8761285543441772,nemotron-mini
0.18421052144044334,0.0,0.13157894249307495,0.1683937823834197,1.2296670260879681e-231,0.8714996576309204,nemotron-mini
0.27450979911380247,0.09009008538592671,0.2156862697020378,0.1754518703381229,3.042688449517321e-155,0.8718991875648499,nemotron-mini
0.4871794823898752,0.21686746504282198,0.41025640546679815,0.6614379084967321,0.18852858983597656,0.9133936166763306,nemotron-mini
0.38356163904672547,0.136986296641021,0.3561643787727529,0.31499500998003993,0.092522651315207,0.8698147535324097,nemotron-mini
0.2222222172335602,0.0937499950048831,0.1904761854875285,0.29523809523809524,0.1079778034893904,0.8849952220916748,nemotron-mini
0.23636363202479346,0.015267171216130838,0.19999999566115712,0.2898136271394111,3.9956984775989625e-155,0.8514782786369324,nemotron-mini
0.14634145884295077,0.0,0.14634145884295077,0.23122655122655125,4.244775781497856e-155,0.866730809211731,nemotron-mini
0.2558139489453759,0.022222217706173757,0.20930232103839924,0.259159449665254,4.3521358589488775e-155,0.845461368560791,nemotron-mini
0.41176470101799306,0.18627450510428695,0.3411764657238755,0.31314456404757773,0.10801750776731812,0.8735851645469666,nemotron-mini
0.16666666210562428,0.0,0.16666666210562428,0.11150234741784039,4.333564733290902e-232,0.8571764230728149,nemotron-mini
0.17721518487421903,0.04651162293131476,0.17721518487421903,0.2085424333667893,1.503635805829082e-78,0.8646659255027771,nemotron-mini
0.2735042688114545,0.06249999517578163,0.22222221752940327,0.2422225334765103,1.5891507933673597e-78,0.8782510757446289,nemotron-mini
0.3124999953667535,0.07766989836553895,0.2916666620334202,0.31075875995662094,5.673571702731169e-155,0.8531047701835632,nemotron-mini
0.3037974633744593,0.022988500895760038,0.2025316405896492,0.1845006363704425,3.0110993476218187e-155,0.846473753452301,nemotron-mini
0.3058823479418686,0.13592232512018115,0.2823529361771627,0.21171403908804864,0.07870909884153643,0.8781765103340149,nemotron-mini
0.3291139190898895,0.0681818131844012,0.3291139190898895,0.27258353053865225,0.0725492997989058,0.8805138468742371,nemotron-mini
0.24489795453561022,0.03809523353106631,0.20408162800499804,0.24218265350621282,4.67350262959358e-155,0.8539444804191589,nemotron-mini
0.23684210026315797,0.14634145842653198,0.23684210026315797,0.23703891494485993,0.07843220912631159,0.8797542452812195,nemotron-mini
0.17857142397959197,0.03508771485380173,0.17857142397959197,0.15822335745707394,2.0038843264201603e-155,0.8590836524963379,nemotron-mini
0.2857142810662225,0.03999999539200053,0.24489795453561022,0.24575728466218377,3.779386359540852e-155,0.8684567213058472,nemotron-mini
0.3298969023063025,0.03636363139008333,0.22680411880114798,0.2927829567286523,5.424044057760658e-155,0.8814257383346558,nemotron-mini
0.27906976244456466,0.043478255869565795,0.232558134537588,0.2113806752647583,1.7667124929676218e-78,0.8582708239555359,nemotron-mini
0.15555555067654336,0.020833328387587977,0.13333332845432116,0.13708120948186273,3.5218395925381948e-155,0.8283666968345642,nemotron-mini
0.2666666620839507,0.13953487917793417,0.2666666620839507,0.2979783462680847,4.9569981019182885e-155,0.8427209854125977,nemotron-mini
0.21052631082794718,0.0,0.21052631082794718,0.13043478260869565,1.0718156800444006e-231,0.8597663044929504,nemotron-mini
0.3863636315728306,0.10204081167846753,0.3181818133910124,0.24041574803149604,0.08245979377933507,0.8846811652183533,nemotron-mini
0.3404255269714804,0.019801975237723035,0.27659573973743784,0.23547066741798148,5.382192327397599e-155,0.8752047419548035,nemotron-mini
0.34862384824509723,0.06722688579902586,0.31192660053867527,0.32885924768389324,0.06696411897396619,0.8775274753570557,nemotron-mini
0.4369747850434292,0.11851851381728414,0.36974789428712657,0.2989572352823615,1.5990512360014196e-78,0.8939439654350281,nemotron-mini
0.3448275813978069,0.0631578898304713,0.32183907565068043,0.26931478633544387,5.832768115029755e-155,0.8656173348426819,nemotron-mini
0.24999999582519536,0.02898550325561912,0.24999999582519536,0.16757301723084445,2.0345471443256974e-155,0.8811448812484741,nemotron-mini
0.3678160869599683,0.12631578447867056,0.3678160869599683,0.29976430549027544,2.865547572981042e-78,0.8713469505310059,nemotron-mini
0.3777777728000001,0.09803921068627476,0.33333332835555557,0.2847760902157617,2.2676136312888745e-78,0.8924221396446228,nemotron-mini
0.20370369870370383,0.06956521239168277,0.1851851801851853,0.20406413594244283,0.05531850561638731,0.8380053043365479,nemotron-mini
0.272727267842057,0.027027022205990632,0.272727267842057,0.217986321366782,3.9331196284422505e-155,0.8818456530570984,nemotron-mini
0.053333328405333794,0.0,0.053333328405333794,0.05030181086519114,7.370602569371393e-232,0.8482878804206848,nemotron-mini
0.38202246705213994,0.041666661929254015,0.33707864682742084,0.22330238043033823,4.44265780459425e-155,0.8692640066146851,nemotron-mini
0.19444443958333346,0.02777777287422926,0.19444443958333346,0.21646621424891932,4.728935788890104e-155,0.8376530408859253,nemotron-mini
0.1917808169938076,0.0,0.16438355671983498,0.21451137884872826,5.629786845476107e-155,0.8642221093177795,nemotron-mini
0.15151514651974304,0.02898550224742787,0.09090908591368255,0.19960139511709019,3.872034619381361e-155,0.852913498878479,nemotron-mini
0.29999999502222235,0.12903225311134256,0.266666661688889,0.29760000000000003,5.919218222054994e-155,0.878796398639679,nemotron-mini
0.33333332844811764,0.0281690091648491,0.24242423753902673,0.20718232044198895,4.30507882867732e-155,0.8701885938644409,nemotron-mini
0.18421052231648208,0.024691354067978077,0.18421052231648208,0.18855047302737518,5.42073586743487e-79,0.856319010257721,nemotron-mini
0.34146340972965833,0.11347517251647321,0.32520324712803234,0.25398978050583276,0.05610829165759948,0.8739108443260193,nemotron-mini
0.42253520631620717,0.2465753375117284,0.33802816406268604,0.503725299643667,0.1636538054009315,0.8954453468322754,nemotron-mini
0.31847133258955745,0.11940298012920493,0.31847133258955745,0.26026459904202215,0.08958857693095311,0.8697118163108826,nemotron-mini
0.2295081918301533,0.03278688040849306,0.2295081918301533,0.1600755667506297,3.00730543959281e-155,0.8775385618209839,nemotron-mini
0.48333332853333344,0.18978101726250746,0.39999999520000007,0.36246710087021755,0.10149442820316612,0.8987987637519836,nemotron-mini
0.23809523365079371,0.0869565173440456,0.23809523365079371,0.12182539682539682,2.1080971281344804e-155,0.8424122929573059,nemotron-mini
0.42028985008926695,0.11320754217950262,0.347826081973325,0.3343381411791874,0.09023878174811502,0.8527266383171082,nemotron-mini
0.30985914993850433,0.1052631529085875,0.30985914993850433,0.2463576158940397,1.8246112197039576e-78,0.8824822306632996,nemotron-mini
0.36363635870092975,0.14285713802582273,0.3181818132463844,0.3281509842595815,0.11772536632252022,0.8850202560424805,nemotron-mini
0.37209301828015146,0.08333332833333364,0.3023255764196864,0.41735537190082644,2.0800855385860525e-78,0.890830397605896,nemotron-mini
0.15384614904615398,0.0,0.12307691827692328,0.17368182846797917,3.0234310948172736e-155,0.8607409596443176,nemotron-mini
0.1463414586555623,0.0,0.09756097085068434,0.06369426751592357,4.607110822863023e-232,0.8517306447029114,nemotron-mini
0.21917807723775581,0.027027022085464744,0.1917808169637832,0.18585015077708192,1.3765458002992368e-78,0.8675210475921631,nemotron-mini
0.21276595259167055,0.019999995128001186,0.17021276110230887,0.2067105134234764,3.649817631923944e-155,0.8590971827507019,nemotron-mini
0.5116279020010818,0.12244897469387774,0.44186046014061664,0.2947034204069851,0.07533476538136934,0.8990475535392761,nemotron-mini
0.29729729242878017,0.07407406913580279,0.2432432383747262,0.22507662978468904,5.54773892103807e-155,0.8456034064292908,nemotron-mini
0.4369747850180072,0.08695651700798178,0.3529411715726291,0.27210031347962377,0.06075338589188275,0.8704537153244019,nemotron-mini
0.27777777324459885,0.07407406990397829,0.249999995466821,0.1530704286332804,0.02143941756215541,0.8623407483100891,nemotron-mini
0.3076923027449047,0.07499999505000034,0.25641025146285346,0.24505190311418687,1.6748322822500373e-78,0.8499261736869812,nemotron-mini
0.2990654156869596,0.08474575785550159,0.2803738269019129,0.3038203799654577,1.5852822870999142e-78,0.8546997904777527,nemotron-mini
0.23529411280276827,0.01801801319698205,0.17647058339100358,0.21081642066420672,4.261958297789198e-155,0.8610203862190247,nemotron-mini
0.24074073585048023,0.03478260380491562,0.2222222173319617,0.3186811594202899,4.962793424132485e-155,0.8737652897834778,nemotron-mini
0.3238095188861678,0.03278688035474408,0.2666666617433107,0.1955324851459571,4.412336702631954e-155,0.8688780665397644,nemotron-mini
0.1666666619791668,0.0,0.1666666619791668,0.09408602150537634,5.400619595822855e-232,0.8307610154151917,nemotron-mini
0.38461537966798165,0.0,0.25641025146285346,0.25877885499825387,4.567164912707327e-155,0.8531349301338196,nemotron-mini
0.3711340156190882,0.0990098959945106,0.35051545891805724,0.26512853662174923,0.09517087219510999,0.8848598599433899,nemotron-mini
0.4186046462601406,0.14432989206079302,0.3488372043996756,0.3053469872156421,0.06260285613163351,0.8913434147834778,nemotron-mini
0.30927834554150285,0.07619047119093005,0.30927834554150285,0.31120893141945777,0.0717103261998764,0.8827586770057678,nemotron-mini
0.3037974633744593,0.0952380902636057,0.27848100767825673,0.2988873106060606,0.06601709679099006,0.882119357585907,nemotron-mini
0.3423423374336499,0.08064515647762777,0.3063063013976139,0.40978579116084757,1.71796387778306e-78,0.8880347609519958,gemma2:9b
0.4848484799632691,0.15254236795173817,0.42424241935720847,0.4731856496710526,0.10885337164924491,0.9046379327774048,gemma2:9b
0.3296703246854245,0.11881187622782101,0.3076923027074026,0.362673871585601,1.8945049891176613e-78,0.8657557368278503,gemma2:9b
0.2790697625392104,0.0869565167769379,0.2790697625392104,0.42487980769230776,0.08147877609655736,0.9029334783554077,gemma2:9b
0.2882882834347862,0.030303025441919974,0.27027026541676824,0.2711263274426996,1.2509888557070451e-78,0.8673935532569885,gemma2:9b
0.2882882833211591,0.0615384565964501,0.19819819323106902,0.29305794308138416,1.6996554482548373e-78,0.8692200183868408,gemma2:9b
0.16129031791363177,0.0,0.1290322533975028,0.2572347266881029,1.2183324802375697e-231,0.8724794387817383,gemma2:9b
0.3694267466818127,0.09944750890754275,0.2929936256627044,0.3446756831026053,0.07295922885217514,0.8865170478820801,gemma2:9b
0.36559139287778936,0.01960783813917851,0.30107526384553135,0.2273414374038624,5.065734766361636e-155,0.8689994215965271,gemma2:9b
0.4112149485439777,0.16260162129420333,0.33644859340379074,0.40932631116962914,0.07114505729641088,0.9002848863601685,gemma2:9b
0.5555555505555557,0.319999995018,0.4888888838888889,0.45705836726779137,0.23753209069727682,0.9160063862800598,gemma2:9b
0.21705425897722502,0.043478256248687744,0.20155038300823278,0.2377943925233645,0.048233145417598815,0.8539080619812012,gemma2:9b
0.17283950139308046,0.0,0.1481481433683891,0.22241614952718675,4.176302675306695e-155,0.8513767719268799,gemma2:9b
0.40601503286562274,0.17177913633482642,0.40601503286562274,0.4976411827067595,0.1335622391039505,0.8826645612716675,gemma2:9b
0.42666666181688895,0.24096385058499067,0.42666666181688895,0.37822126777251175,0.1899652460333669,0.8919042348861694,gemma2:9b
0.47619047129251707,0.1415929154671472,0.3999999951020409,0.4516342609227985,0.07632586128799645,0.8905298113822937,gemma2:9b
0.2558139489453759,0.04210525862382321,0.23255813499188757,0.381455270958757,1.5427252326576657e-78,0.878167450428009,gemma2:9b
0.5132743314903283,0.24999999527465827,0.5132743314903283,0.5882551440329219,0.1995266882532446,0.908935546875,gemma2:9b
0.29333332848355564,0.023809519039116604,0.2666666618168889,0.30698398122640547,4.621838661958128e-155,0.8976098299026489,gemma2:9b
0.23999999516928014,0.013698625230814292,0.2079999951692801,0.257575421472937,4.226192612004911e-155,0.8651553392410278,gemma2:9b
0.36619717832176163,0.10526315317520796,0.36619717832176163,0.35830999066293184,6.766952211194283e-155,0.8639194369316101,gemma2:9b
0.28888888391111117,0.06382978224309681,0.28888888391111117,0.334477999542678,1.8627759240115068e-78,0.8718122243881226,gemma2:9b
0.45454544960495874,0.18897637297786607,0.4363636314231405,0.47221438645980257,0.1439833955488576,0.9016631245613098,gemma2:9b
0.34090908595041325,0.0860215004231706,0.27272726776859507,0.3303402646502836,2.0701597560685139e-78,0.88460773229599,gemma2:9b
0.28358208468701274,0.09815950448869006,0.28358208468701274,0.35951062595580874,2.1799145962386617e-78,0.8602473735809326,gemma2:9b
0.2974358927021697,0.0796460130754173,0.2769230721893492,0.31293222965813855,0.06152961902562934,0.8517395853996277,gemma2:9b
0.23636363149752077,0.032258059621488776,0.21818181331570258,0.20930725992709462,4.232439772605889e-155,0.8564320802688599,gemma2:9b
0.20253164074987992,0.0,0.15189872935747495,0.20531400966183577,1.2761323602556544e-231,0.8714891672134399,gemma2:9b
0.20512820028928347,0.023255809223905775,0.17948717464825786,0.26870265151515155,4.260715076769516e-155,0.8544386625289917,gemma2:9b
0.2764227592279728,0.02877697341752584,0.24390243402472084,0.2539977810650888,6.382513866636568e-155,0.8866062760353088,gemma2:9b
0.1818181768365474,0.025316450793143076,0.1818181768365474,0.3247171912549089,3.944907435692447e-155,0.8741465210914612,gemma2:9b
0.26666666166913583,0.043478255871928745,0.2222222172246915,0.23726815342880572,5.912047771392645e-155,0.8472611308097839,gemma2:9b
0.2637362591136337,0.08333332882161483,0.2637362591136337,0.4269424555820738,0.0746389992620082,0.8758171796798706,gemma2:9b
0.19354838240259004,0.018181813461158245,0.17204300605850398,0.1669941060903733,4.341686477778298e-155,0.8552936315536499,gemma2:9b
0.1978021934597272,0.0,0.1978021934597272,0.26144041769041765,4.253557989163046e-155,0.8636971116065979,gemma2:9b
0.3764705836678201,0.15730336624668617,0.3058823483737025,0.4118955918332713,0.09850180841085847,0.8772343397140503,gemma2:9b
0.2713178247277808,0.06567163708335967,0.21705425883630797,0.32150386827608557,0.06436496363533493,0.8531212210655212,gemma2:9b
0.38036809325906135,0.08556149238925935,0.3435582773081411,0.3519523611499098,0.060922932661028106,0.872519314289093,gemma2:9b
0.28037382709406944,0.0655737657941417,0.24299064952397592,0.23728813559322035,0.07630750357259006,0.8684646487236023,gemma2:9b
0.24999999535555562,0.044117642335640646,0.21666666202222234,0.2519991681947936,0.05119873929571967,0.8708221316337585,gemma2:9b
0.2650602360865148,0.023529406881661913,0.2168674650021775,0.24284871507093728,5.633191616820682e-155,0.8561615347862244,gemma2:9b
0.38016528472372113,0.11428570965408182,0.38016528472372113,0.39047640965871633,0.06771958714775435,0.8839597702026367,gemma2:9b
0.2935779769144012,0.131386856508072,0.2752293530611902,0.31231700053293204,2.3764250106142935e-78,0.8798040151596069,gemma2:9b
0.20869564787296796,0.059701488178882024,0.17391303917731582,0.2568807339449541,1.5825451272338569e-78,0.8624091148376465,gemma2:9b
0.3333333285333334,0.1237113354872996,0.2888888840888889,0.3389603681442525,0.07359281702269176,0.8714028000831604,gemma2:9b
0.2127659526301495,0.040404035490256694,0.2127659526301495,0.2506903353057199,4.8514124904428256e-155,0.8798299431800842,gemma2:9b
0.21176470099930808,0.06521738645557693,0.16470587746989632,0.30872268712226875,1.8299983194294524e-78,0.874146044254303,gemma2:9b
0.3333333292403979,0.08064515746097833,0.2962962922033608,0.33588482179716533,5.22848353899276e-155,0.8707893490791321,gemma2:9b
0.31304347362419666,0.0719424413974435,0.26086956058071836,0.34870522350649535,1.4596648968192673e-78,0.8799330592155457,gemma2:9b
0.31914893122679955,0.07547169320042753,0.31914893122679955,0.36596190516848814,1.7977993000024703e-78,0.8976497054100037,gemma2:9b
0.2127659526301495,0.058252422320671536,0.2127659526301495,0.19476414164417644,1.4751941742119997e-78,0.8378543257713318,gemma2:9b
0.28571428075102046,0.18181817685950424,0.28571428075102046,0.5156856130882105,0.13796620851017116,0.9108443856239319,gemma2:9b
0.30769230270295866,0.0,0.24615384116449712,0.23582607200183442,4.450892363089626e-155,0.8759683966636658,gemma2:9b
0.5084745713228959,0.20143884397909023,0.42372880861103135,0.477137832889179,0.13722680196911377,0.8955596685409546,gemma2:9b
0.2526315740144045,0.018867919615522817,0.2526315740144045,0.21829929618091615,4.958678725350726e-155,0.8687161207199097,gemma2:9b
0.39062499503051756,0.10526315299948084,0.39062499503051756,0.3664436412370297,0.07534715071908953,0.8819194436073303,gemma2:9b
0.36708860267505217,0.11282050791637102,0.3417721469788496,0.37837704290249646,0.08349315870633184,0.8839530348777771,gemma2:9b
0.2916666620334202,0.08849557059754118,0.27083332870008686,0.37888932038834955,0.06841125284899147,0.881969153881073,gemma2:9b
0.16666666168619804,0.0,0.16666666168619804,0.18348623853211013,1.2485441673055656e-231,0.8865195512771606,gemma2:9b
0.27118643609307674,0.05925925476652984,0.2542372835507039,0.3577087994034303,1.687028081316925e-78,0.8668146729469299,gemma2:9b
0.309090904370248,0.07751937506399886,0.2727272680066116,0.3444472981592599,0.05835849571868981,0.9038268327713013,gemma2:9b
0.10769230283550318,0.0,0.10769230283550318,0.15098854893540883,3.5235974366553248e-155,0.8343121409416199,gemma2:9b
0.3762376190687188,0.17241378839476829,0.3168316784746594,0.49986482587232806,0.14063278155417802,0.901603102684021,gemma2:9b
0.23076922595414212,0.09917354900621565,0.23076922595414212,0.3600147601476015,1.8560031097433552e-78,0.8747836947441101,gemma2:9b
0.39999999520000007,0.1052631531449102,0.3846153798153847,0.38857515907607193,0.07631957313330931,0.8719027042388916,gemma2:9b
0.24096385080563223,0.06818181361828543,0.24096385080563223,0.3601640262940198,1.58852097503319e-78,0.8529549837112427,gemma2:9b
0.26829267816775737,0.022988500985600138,0.21951219036287933,0.25342082768283525,1.652233076606368e-78,0.8659366369247437,gemma2:9b
0.19999999529876553,0.08080807623711893,0.17777777307654333,0.41926597571370333,0.10157819149489476,0.8779632449150085,gemma2:9b
0.17777777319506186,0.019999995512001007,0.15555555097283963,0.3140939669612897,1.3363192705285415e-78,0.8761323690414429,gemma2:9b
0.3199999953208889,0.10752687727598584,0.2933333286542223,0.3025650866756221,0.057505111129163296,0.8770078420639038,gemma2:9b
0.2857142807428854,0.07874015250542532,0.2857142807428854,0.28834409419495827,1.7941935964636094e-78,0.8638727068901062,gemma2:9b
0.37908496235635875,0.1290322531015148,0.3529411715066855,0.2986251276813075,0.09770418318104716,0.8878178596496582,gemma2:9b
0.37209301858301785,0.0645161244536944,0.34883720462952955,0.40002349624060146,1.7279252962269313e-78,0.8915311694145203,gemma2:9b
0.22222221736965625,0.03199999506272076,0.2121212072686462,0.2761975524995243,1.0580053288492335e-78,0.8566977381706238,gemma2:9b
0.24999999504394538,0.028169009085499793,0.21874999504394546,0.27219512195121953,1.734212575210218e-78,0.8773890137672424,gemma2:9b
0.41249999505000007,0.15151514658861356,0.37499999505,0.39446588010204076,0.11137189273679692,0.8837316632270813,gemma2:9b
0.3870967692403746,0.11764705386245697,0.3870967692403746,0.34111111111111114,0.13201798607068782,0.8734888434410095,gemma2:9b
0.4487179438568376,0.23469387266815922,0.3974358925747864,0.3696814642793242,0.1333667882361341,0.8819990754127502,gemma2:9b
0.3023255764926988,0.12631578459833812,0.3023255764926988,0.2793893041109892,0.06899743110019342,0.8909969925880432,gemma2:9b
0.3652173864136106,0.11940298016484761,0.24347825597882808,0.36617678032866235,2.390682183397278e-78,0.8721747398376465,gemma2:9b
0.360360355750345,0.13846153380355047,0.3243243197143089,0.4932368296155672,0.11020477705353036,0.8836787939071655,gemma2:9b
0.224489791126614,0.07272726809917385,0.1836734645960018,0.37070391343350534,0.055990048918977686,0.8707857131958008,gemma2:9b
0.2399999955555556,0.04938271160493867,0.213333328888889,0.2910114490654528,1.7203133715929003e-78,0.8650031685829163,gemma2:9b
0.2526315740720222,0.020408158398585084,0.23157894249307492,0.26081570037613994,1.4660389376871707e-78,0.8799639344215393,gemma2:9b
0.17821781704146664,0.016528921087358664,0.17821781704146664,0.2426965813936168,3.1664828569108436e-155,0.8549462556838989,gemma2:9b
0.4324324275789303,0.07633587296777608,0.3963963915428943,0.3284143518518518,2.171966256514075e-78,0.8907092213630676,gemma2:9b
0.22222221749733284,0.022471905294787042,0.22222221749733284,0.2075110075110075,3.672038604013165e-155,0.8379340171813965,gemma2:9b
0.4550264504196411,0.1596638609543819,0.4232804186736094,0.37203773885469554,0.11819903759212043,0.8860036730766296,gemma2:9b
0.31404958202581795,0.08163264831320312,0.31404958202581795,0.3103316326530613,0.05882888535387299,0.8558554649353027,gemma2:9b
0.2448979542586423,0.03603603125071081,0.22448979099333624,0.23999494968979168,1.378496552649694e-78,0.848835289478302,gemma2:9b
0.3486238483629324,0.14516128554240393,0.31192660065651046,0.33296877543941616,2.7678569157582986e-78,0.8806543946266174,gemma2:9b
0.24999999531250006,0.04958677218769254,0.23214285245535726,0.3545047434109788,1.3278773732695405e-78,0.8709983229637146,gemma2:9b
0.3089430847484963,0.06493506059622225,0.29268292214687025,0.25295109612141653,1.2171490161954292e-78,0.8723613023757935,gemma2:9b
0.30075187476284704,0.025974021015349236,0.28571428077788463,0.23859193284449048,0.06025049678258368,0.8547224402427673,gemma2:9b
0.2749999953125,0.04597700673272609,0.22499999531250012,0.2528691717607575,4.561308422130445e-155,0.8518133163452148,gemma2:9b
0.32967032493660187,0.05607476177482787,0.32967032493660187,0.3799390398922722,0.06039091524777564,0.8659510612487793,gemma2:9b
0.42105262670360116,0.15999999514112018,0.3859649074053555,0.40867944621938235,0.11094653940848648,0.8913112282752991,gemma2:9b
0.4310344778790131,0.14598539660077803,0.3793103399479787,0.3621015555526543,0.06639671070426985,0.8933460712432861,gemma2:9b
0.3076923029585799,0.11940298032523969,0.3076923029585799,0.34728831009822747,0.0732375761411642,0.8753645420074463,gemma2:9b
0.3076923027218935,0.08163264809454424,0.2637362587658496,0.3397997606322507,0.07624009900466686,0.8859485983848572,gemma2:9b
0.42105262657950143,0.16326530112453158,0.399999995000554,0.44201280494854894,0.1601662457999112,0.8971364498138428,nemotron
0.39560439063398145,0.11764705382545197,0.3516483466779375,0.33903573992411035,0.09578464408619825,0.8766279816627502,nemotron
0.3132530070547249,0.10989010489071392,0.28915662151255633,0.3507199952606836,7.154940319122389e-155,0.8795664310455322,nemotron
0.28947367921398903,0.07317072671029183,0.23684210026662061,0.2871000864677907,0.10188452631209793,0.8852628469467163,nemotron
0.2857142807148895,0.07692307193971924,0.2637362587368676,0.24610983825655294,2.1421929182460088e-78,0.8696203827857971,nemotron
0.38834950956357817,0.12173912543516088,0.3689320338354227,0.4024699600863157,0.11503541494228857,0.8846928477287292,nemotron
0.20833332834201398,0.08163264806330726,0.12499999500868073,0.23410598807424204,1.8159743104328783e-78,0.859479546546936,nemotron
0.3703703653706448,0.15483870467762764,0.3259259209262003,0.3471754807692307,0.13351824583330868,0.8839881420135498,nemotron
0.42105262659279785,0.11881187618860917,0.42105262659279785,0.361412397249651,0.11498012268813759,0.874527633190155,nemotron
0.37209301826663066,0.06315788973739653,0.2790697624526772,0.24299065420560745,5.730329927869385e-155,0.8918707966804504,nemotron
0.3440860165105793,0.13592232510132926,0.3225806401664933,0.30900696822678847,0.12529890865518512,0.8798620700836182,nemotron
0.21505375844143843,0.06185566510787584,0.21505375844143843,0.3277345256762278,0.09689514025573966,0.8732060790061951,nemotron
0.029411759723184234,0.0,0.029411759723184234,0.11138613861386139,1.0003688322288243e-231,0.844917356967926,nemotron
0.39252335949689937,0.14516128532778372,0.39252335949689937,0.35344289906700765,0.17506792065397714,0.8839634656906128,nemotron
0.31428570935102046,0.05405404908692522,0.2857142807795919,0.30675459632294166,1.9246726263293519e-78,0.8826375603675842,nemotron
0.4494381972478222,0.1489361652150296,0.3370786466860245,0.5117783869414633,0.1104233158576176,0.9063401222229004,nemotron
0.2941176421280277,0.05479451559392052,0.23529411271626308,0.2793704156479218,5.637975647982813e-155,0.8694949746131897,nemotron
0.45161289823100936,0.14141413641465175,0.40860214554283736,0.4804547091167621,0.10304761111788067,0.9008145928382874,nemotron
0.3225806401612904,0.02985074126977139,0.29032257564516134,0.3199111006712622,6.5237763841892085e-155,0.9008100628852844,nemotron
0.39622641010145965,0.15126049921898188,0.339622636516554,0.322573306778171,0.08450203964425476,0.8838543891906738,nemotron
0.338983045860385,0.19999999500555568,0.30508474077563924,0.31798226587308476,0.15206861774588476,0.8883682489395142,nemotron
0.2696629163640955,0.08510637798777757,0.2696629163640955,0.3585221231096409,0.0845440072413088,0.8720622658729553,nemotron
0.33962263653791386,0.06611569748241279,0.320754712009612,0.2990739288549948,0.06860230922924711,0.8879787921905518,nemotron
0.3846153796186719,0.14457830825373802,0.30769230269559505,0.3358523423058478,2.1522019077867907e-78,0.8914253115653992,nemotron
0.4587155913340628,0.21666666167222232,0.44036696748085186,0.3577442102291738,0.194999775864036,0.879653811454773,nemotron
0.3043478211247638,0.03896103398212241,0.27536231387838694,0.3238236122851507,0.054255186925222396,0.8564385771751404,nemotron
0.30434782108695657,0.07766989791686336,0.30434782108695657,0.2368196067255628,4.600261598509111e-155,0.873344361782074,nemotron
0.26470587737024226,0.05633802317794133,0.23529411266435996,0.2214483139856274,5.125269885816771e-155,0.8674913644790649,nemotron
0.2424242374288339,0.0,0.18181817682277332,0.2502181682180851,1.3241479764369575e-231,0.867438793182373,nemotron
0.3931623881715246,0.08955223381042578,0.34188033688947334,0.28269443638434844,0.09170701117206952,0.894038736820221,nemotron
0.2727272677456383,0.028169009093434727,0.24242423744260802,0.39609144442480054,5.784022662422416e-155,0.8762124180793762,nemotron
0.36781608695468365,0.17391303848062398,0.3448275812075572,0.3040178571428571,0.13811789180421621,0.8803673982620239,nemotron
0.3030302980303031,0.12121211621212143,0.3030302980303031,0.3747087885604114,0.11014249684948312,0.8739383220672607,nemotron
0.24324323825785255,0.024096380542895507,0.21621621123082552,0.2061017631951888,5.637975647982813e-155,0.8684804439544678,nemotron
0.2539682489997481,0.031249995019532045,0.22222221725371644,0.17857142857142855,4.417599881331674e-155,0.8621946573257446,nemotron
0.2222222172335602,0.06153845654911283,0.2222222172335602,0.2944591029023747,0.09470104450212836,0.8544924259185791,nemotron
0.3222222172722223,0.12658227350673878,0.31111110616111115,0.28210751018036573,0.11185283564273082,0.867139995098114,nemotron
0.38518518019204395,0.08805030947510015,0.38518518019204395,0.33200469657644294,0.06478935104808323,0.8771339058876038,nemotron
0.3658536535395598,0.15384614884675782,0.3170731657346818,0.23997085813492064,0.15076244432457883,0.8789753913879395,nemotron
0.2795698874875709,0.07766989791309298,0.25806451114348483,0.2758180281668598,0.0621693465035632,0.8665615916252136,nemotron
0.38888888389274695,0.10810810311176064,0.3611111061149692,0.35937966743005084,2.326888985667872e-78,0.8754135370254517,nemotron
0.22471909613937643,0.019230764232619643,0.20224718602701694,0.25682561018341404,4.6433862794017905e-155,0.8661261200904846,nemotron
0.4186046461654949,0.21818181318181828,0.3953488322120065,0.40244598470026466,0.1234006797764187,0.8958889245986938,nemotron
0.39999999505,0.08988763545511959,0.37499999505,0.46388334442226653,2.839658447866652e-78,0.8951556086540222,nemotron
0.36111110611111114,0.1095890360968289,0.3055555505555556,0.2952432567640806,0.0756100670225524,0.883241593837738,nemotron
0.21176470093840838,0.02222221723209988,0.21176470093840838,0.24717398090794077,4.451661650362981e-155,0.8928581476211548,nemotron
0.42253520626859753,0.18181817681902526,0.3380281640150764,0.4029159148749582,0.1573857459340795,0.906319260597229,nemotron
0.45901638844396675,0.18749999500000014,0.4262295031980651,0.4323630136986302,2.573070172252461e-78,0.8766553997993469,nemotron
0.38095237595238096,0.08080807581267249,0.30952380452380956,0.26958230936353594,0.07319952982901434,0.8868420720100403,nemotron
0.3255813903515414,0.10989010489071392,0.3255813903515414,0.3170177612556795,1.9204204252260994e-78,0.8917247653007507,nemotron
0.1463414584414041,0.02272726772985647,0.1463414584414041,0.14875952060931902,3.679859816803807e-155,0.8213117122650146,nemotron
0.17647058325259532,0.06249999501953165,0.17647058325259532,0.23350785340314137,5.681968389717772e-155,0.8569905757904053,nemotron
0.2812499950048829,0.031249995004883614,0.18749999500488296,0.2228128238558486,1.9550112061335322e-78,0.8685840964317322,nemotron
0.44444443944615913,0.14999999500555575,0.37037036537208506,0.4109997342926333,0.12990931643064285,0.9011220335960388,nemotron
0.3170731657346818,0.08791208291269198,0.29268292183224276,0.31514468343535235,0.1026415428701367,0.8801605701446533,nemotron
0.4869565167425331,0.1406249950012209,0.46956521239470705,0.47802919267099275,3.0439675405719827e-78,0.9059659838676453,nemotron
0.31578946869127716,0.07547169312922783,0.30075187470631476,0.3012771739130435,0.08958916787179708,0.8838812112808228,nemotron
0.3243243193389336,0.07407406907483649,0.29729729231190655,0.1882845188284519,1.7988316804248105e-78,0.8663539290428162,nemotron
0.3956043906049994,0.16326530112453158,0.3956043906049994,0.3716385847762508,0.10224344084984452,0.9043710231781006,nemotron
0.4044943770382528,0.1894736792155126,0.4044943770382528,0.39742621078859275,0.15294110688619514,0.8849127292633057,nemotron
0.4285714235714286,0.15384614884800316,0.4285714235714286,0.4130611096398305,0.08988814471208446,0.9138612747192383,nemotron
0.14736841614626056,0.018867919572803007,0.10526315298836587,0.1015625,3.1989415758391607e-155,0.8085479736328125,nemotron
0.4197530814388051,0.13636363136363655,0.3950617234141137,0.35924482152411524,0.15600982215771556,0.8863722681999207,nemotron
0.247191006251736,0.08602150037692247,0.247191006251736,0.27883246321784527,2.254951766123186e-78,0.886141836643219,nemotron
0.339622636511214,0.03478260369905553,0.3207547119829121,0.30257994870105426,6.441881824044585e-155,0.8817028403282166,nemotron
0.33846153349112423,0.17910447263978627,0.33846153349112423,0.336810538026216,2.719434194845195e-78,0.8583031296730042,nemotron
0.2769230719242604,0.05970148753842769,0.21538461038579892,0.2988437842855937,2.3319204203814886e-78,0.8675787448883057,nemotron
0.19444443945987666,0.08333332833719166,0.16666666168209893,0.39037199124726474,0.1430399418783272,0.875934898853302,nemotron
0.12121211621671278,0.0,0.12121211621671278,0.16421188630490957,3.97654515284274e-155,0.8697947263717651,nemotron
0.31034482259215224,0.06349205849332365,0.31034482259215224,0.21246458923512748,5.500715993256601e-155,0.8807507157325745,nemotron
0.339622636516554,0.08849557023102854,0.30188678745995023,0.2642310485447741,2.4439118682287617e-78,0.8574961423873901,nemotron
0.41134751273074804,0.12269938151228896,0.3971631155676274,0.3110376683701169,0.07699055109064264,0.8874282836914062,nemotron
0.49230768730887575,0.11940298007574092,0.461538456539645,0.4384989026888683,2.4751929485053874e-78,0.9064640402793884,nemotron
0.28571428071602184,0.05741626296192896,0.23602483972223304,0.28038495188101487,0.06597050529257126,0.8704000115394592,nemotron
0.3333333283371914,0.05194804696913524,0.27777777278163585,0.38126984753150944,2.296484989594197e-78,0.8861925005912781,nemotron
0.5390070872008451,0.25301204320438386,0.48226949854836276,0.4227272727272727,0.218928803539038,0.9115638136863708,nemotron
0.4210526265804863,0.12903225306451632,0.4210526265804863,0.41477702191987903,2.8819461143943747e-78,0.8784658312797546,nemotron
0.5954198423285357,0.3726708024582385,0.5190839644659403,0.4771340648243836,0.29728083471931993,0.9088266491889954,nemotron
0.32499999502812504,0.09411764207612483,0.299999995028125,0.34062274225096467,2.6368447143500913e-78,0.8753705620765686,nemotron
0.3469387705102041,0.0727272677421491,0.3469387705102041,0.305959704455945,1.8499374855923306e-78,0.8813846111297607,nemotron
0.4285714235827665,0.17021276095971044,0.4047618997732427,0.4107118814322648,3.136235596313054e-78,0.9031736254692078,nemotron
0.1282051232051284,0.04819276609087002,0.1282051232051284,0.2587741709921201,1.8087247672841649e-78,0.8530135750770569,nemotron
0.15094339124243522,0.03508771431209674,0.15094339124243522,0.11976047904191618,1.6623521759654575e-78,0.8569120168685913,nemotron
0.28571428072187566,0.024999995003125997,0.2597402547478496,0.33447871309396293,6.258828309136149e-155,0.8773448467254639,nemotron
0.19999999500312513,0.07058823029481005,0.19999999500312513,0.20481331533963115,5.144800800559511e-155,0.8579200506210327,nemotron
0.3368421002681441,0.037735844072624376,0.3157894686891967,0.23460960960960964,1.4017658873851236e-78,0.8721209764480591,nemotron
0.20588234798010394,0.05405404905770682,0.1764705832742216,0.2413802913063268,5.35838504982472e-155,0.8596762418746948,nemotron
0.5072463718126444,0.0975609706164488,0.47826086456626765,0.4223285281806183,0.1449825475312636,0.9080919623374939,nemotron
0.24999999504622789,0.06722688576512995,0.23076922581545867,0.2948736519723773,0.05288433912782043,0.8516029119491577,nemotron
0.2857142807171202,0.11235954556242919,0.2857142807171202,0.2907262416831795,0.11099472319966315,0.8603147864341736,nemotron
0.30769230269291153,0.10416666166883705,0.24175823675884567,0.2938970326070139,2.4380927407632037e-78,0.8793342113494873,nemotron
0.27272726773760336,0.06451612403746138,0.22727272228305795,0.25139460093289534,1.6907936844917694e-78,0.8824270963668823,nemotron
0.35164834664895545,0.08421052132077593,0.3296703246709335,0.28193300942055033,1.985401793569144e-78,0.882122814655304,nemotron
0.3103448225876933,0.04545454047291147,0.3103448225876933,0.2152110145653514,0.07946664465058932,0.8586739897727966,nemotron
0.21538461041420132,0.02898550224742787,0.21538461041420132,0.178117048346056,5.125269885816771e-155,0.8526679277420044,nemotron
0.2499999950038581,0.051282046285339083,0.22222221722608038,0.2245303852703278,1.7359794777311626e-78,0.8614075183868408,nemotron
0.399999995000554,0.0990098959945106,0.37894736342160673,0.3096917375173446,0.12682322751333996,0.8943355679512024,nemotron
0.3711340156190882,0.1754385914912282,0.3711340156190882,0.36981143787109655,0.11200626064218282,0.900137722492218,nemotron
0.3617021226686284,0.1764705832372166,0.3617021226686284,0.44691750574103517,0.1557341565807586,0.8909538388252258,nemotron
0.37209301825851815,0.15053762941380522,0.3488372043050298,0.37138410410035566,0.1395289619742496,0.8895584344863892,nemotron
0.44230768733727815,0.13913042986767502,0.36538461041420117,0.3904774866521808,2.720146679091748e-78,0.8951991200447083,gemma2:27b
0.3396226367248131,0.06451612416233128,0.30188678766820937,0.38712132338215455,0.06218727676074183,0.8827896118164062,gemma2:27b
0.3260869515430057,0.054545449679339275,0.3260869515430057,0.338144455886661,5.7786510932938095e-155,0.863203763961792,gemma2:27b
0.3571428522137189,0.17204300579951454,0.30952380459467127,0.3988716476363711,0.17241100742921558,0.9086976051330566,gemma2:27b
0.2727272678611571,0.015873010953642238,0.23636363149752077,0.2785138079255726,4.356948274642456e-155,0.8713805079460144,gemma2:27b
0.28099173066047406,0.05797100961982818,0.24793387942080466,0.3003514739229025,1.6045828070860648e-78,0.864056408405304,gemma2:27b
0.19354838242976077,0.0,0.0967741888813738,0.2588996763754045,1.2605096809963652e-231,0.8706633448600769,gemma2:27b
0.2777777727932099,0.07954544961002098,0.24999999501543219,0.2316228419075848,0.07634608883748491,0.8750003576278687,gemma2:27b
0.24999999505739803,0.01599999520000144,0.2321428522002552,0.25657815126050415,4.206392752539822e-155,0.8662493228912354,gemma2:27b
0.3010752638871546,0.07547169317728762,0.23655913485489663,0.27466401838576626,1.6872397221559478e-78,0.8827955722808838,gemma2:27b
0.45283018379316486,0.22222221726641841,0.45283018379316486,0.48104956268221566,0.16854455055513423,0.9018393158912659,gemma2:27b
0.18867924037023862,0.06779660528583777,0.18867924037023862,0.28510858995137767,0.06276366691754734,0.8527460694313049,gemma2:27b
0.09090908591368255,0.0,0.09090908591368255,0.1463535381664037,1.1121009927914709e-231,0.8494241237640381,gemma2:27b
0.46896551268109404,0.20809248088743368,0.46896551268109404,0.5052333597772207,0.13341748814042628,0.8907073736190796,gemma2:27b
0.3835616389491462,0.1999999951125001,0.3835616389491462,0.3675848411198128,0.11637341978820971,0.9001781940460205,gemma2:27b
0.5333333284353742,0.2333333285333334,0.5142857093877552,0.5162336852087545,0.18541353060366486,0.8953061103820801,gemma2:27b
0.21505375907041285,0.0,0.19354838272632682,0.3534797786391444,1.3368412875041227e-78,0.8826995491981506,gemma2:27b
0.3999999952362949,0.2105263111357342,0.36521738654064273,0.4598763585831163,0.2024380669626795,0.8902554512023926,gemma2:27b
0.25352112184090464,0.0,0.22535210775639763,0.2839923576076142,4.1310455662878525e-155,0.8949052691459656,gemma2:27b
0.3053435066954141,0.06666666179466703,0.2290076288328187,0.2948026362518271,1.47136579227549e-78,0.8686387538909912,gemma2:27b
0.28571428091428575,0.11111110630015453,0.2571428523428572,0.31617279473029003,0.09239711871862405,0.878953218460083,gemma2:27b
0.30107526386403055,0.0408163215639323,0.27956988751994455,0.36399217221135033,1.6944366260340553e-78,0.8701297640800476,gemma2:27b
0.4310344778790131,0.156028363927368,0.41379309856866825,0.45129286694101517,0.09186753155573014,0.8956629037857056,gemma2:27b
0.3870967692912476,0.1308411167263518,0.27956988757081747,0.34290838206627683,2.159886339184721e-78,0.8863750100135803,gemma2:27b
0.2553191441476788,0.08588956583838332,0.2553191441476788,0.2322769028637545,0.07153496143258256,0.8581872582435608,gemma2:27b
0.2857142808688565,0.03773584431292335,0.24175823691281254,0.2907725847540662,1.6864244584804071e-78,0.8525874018669128,gemma2:27b
0.25925925436899866,0.03149605812883702,0.24074073585048023,0.20938023450586263,4.65284789093361e-155,0.8565176725387573,gemma2:27b
0.26966291674283555,0.020833328758681557,0.2247190965181165,0.30223663056728445,3.739765864071326e-155,0.8783146142959595,gemma2:27b
0.2535211218091649,0.0,0.19718309364015088,0.2891424780823637,3.9823041037053155e-155,0.8722907900810242,gemma2:27b
0.2962962913426612,0.07692307198964529,0.2962962913426612,0.3191983105790431,0.08313153548832947,0.8849466443061829,gemma2:27b
0.20588234798010394,0.025316450793143076,0.20588234798010394,0.23923444976076555,4.143285835425497e-155,0.881979763507843,gemma2:27b
0.3829787184246266,0.13861385644544671,0.319148931190584,0.35000012868124886,0.09641295291762886,0.8797386288642883,gemma2:27b
0.21978021515758978,0.043478256268904086,0.21978021515758978,0.32504560502668745,1.5598279278066737e-78,0.8649665713310242,gemma2:27b
0.19819819388036697,0.044117642789792806,0.19819819388036697,0.22263450834879403,1.1834875595325156e-78,0.8641026020050049,gemma2:27b
0.2528735587739464,0.01923076512574052,0.2068965472796936,0.3011182928080435,4.376115476355637e-155,0.8594563007354736,gemma2:27b
0.2962962916323732,0.09411764242491372,0.27160493360768184,0.3738693467336683,0.07372315572460936,0.8636748790740967,gemma2:27b
0.28999999500050005,0.10358565237123245,0.2399999950005001,0.2744078080173684,0.08470340447837323,0.8625501394271851,gemma2:27b
0.2808988716323697,0.04566209574946359,0.2696629165761899,0.34204006921138635,1.4121626842392442e-78,0.8633796572685242,gemma2:27b
0.303030298214468,0.09174311438767807,0.26262625781042753,0.2503127788089793,0.0953587394464818,0.87015700340271,gemma2:27b
0.18018017539485442,0.015748026660054804,0.16216215737683645,0.20830479530241183,4.013991137604194e-155,0.8645231127738953,gemma2:27b
0.20689654691504833,0.02173912567107855,0.20689654691504833,0.23949907762168293,4.925501284728127e-155,0.8577895760536194,gemma2:27b
0.25641025180802113,0.07246376345620698,0.23931623471400398,0.3369165398274988,0.053830729400090996,0.8747790455818176,gemma2:27b
0.2752293530611902,0.08955223396636249,0.25688072920797916,0.3059720620274253,2.0756381401181135e-78,0.8738344311714172,gemma2:27b
0.2752293533742951,0.07633587345259625,0.23853210566787314,0.3636616925027752,0.06480227808768986,0.873620867729187,gemma2:27b
0.31481481037037046,0.06837606405142843,0.2592592548148149,0.45947078544061304,0.044062340600908655,0.8783102631568909,gemma2:27b
0.16842104783157907,0.03809523325895753,0.16842104783157907,0.24282912577479343,4.15779844230968e-155,0.8795137405395508,gemma2:27b
0.26086956045368626,0.09708737398435313,0.2173912995841211,0.3157170414526,2.0280087579608238e-78,0.8699840307235718,gemma2:27b
0.3448275816197649,0.08791208335225238,0.3218390758726384,0.47448979591836743,6.083015500736029e-155,0.8684406280517578,gemma2:27b
0.3965517195184305,0.13533834113629956,0.3620689608977408,0.4573844884488448,0.08346051492537147,0.8887731432914734,gemma2:27b
0.4255319099502037,0.07843136759707836,0.3829787184608421,0.36122811800438503,1.8399714315474224e-78,0.8997718691825867,gemma2:27b
0.18947367941052642,0.019047614211339093,0.16842104783157907,0.15496216040269237,4.099865635355104e-155,0.831807553768158,gemma2:27b
0.12903225306971924,0.0,0.06451612403746138,0.10582010582010583,1.101141269369846e-231,0.8483150601387024,gemma2:27b
0.39999999500555555,0.10169491026716485,0.29999999500555563,0.3480411046885035,0.10256147706133045,0.8935670256614685,gemma2:27b
0.347107433093368,0.0575539518927596,0.33057850747353335,0.27872807017543855,1.5628696655514482e-78,0.8753067255020142,gemma2:27b
0.2580645111758586,0.057142852219501564,0.2580645111758586,0.2207752806366543,5.047917560948418e-155,0.8705233931541443,gemma2:27b
0.3648648600703069,0.104651158088832,0.3648648600703069,0.46399328057738354,0.06658930404693524,0.8890910148620605,gemma2:27b
0.33548386602788766,0.1122448930612247,0.29677418860853283,0.378826359832636,0.08855339338233437,0.882027268409729,gemma2:27b
0.20224718623911134,0.03921568146674416,0.1797752761267518,0.2623681747831408,4.714298182176397e-155,0.87884521484375,gemma2:27b
0.19801979703950603,0.055045866593721515,0.19801979703950603,0.23321100917431195,0.06657674437485182,0.882073163986206,gemma2:27b
0.2962962915432099,0.08064515662330933,0.2777777730246914,0.36257558578987154,2.0001154866583596e-78,0.878065288066864,gemma2:27b
0.2718446553643134,0.04878048295062511,0.2718446553643134,0.30763739763331577,5.667113443314699e-155,0.8964543342590332,gemma2:27b
0.12121211680881558,0.031088078697415266,0.12121211680881558,0.1845372836218376,0.021345435789555833,0.8234016299247742,gemma2:27b
0.3797468304502484,0.11235954556242919,0.3797468304502484,0.4416175694885251,0.1618444679083915,0.8970595598220825,gemma2:27b
0.2522522475480887,0.0813008083257323,0.2522522475480887,0.34191176470588236,0.05488606659638358,0.8723961114883423,gemma2:27b
0.44615384135384617,0.13605441696330248,0.4153846105846154,0.4842112410139621,0.07461281895674084,0.8774729371070862,gemma2:27b
0.285714281122449,0.13483145613432665,0.285714281122449,0.4102072933653305,0.10901575831019286,0.8579767346382141,gemma2:27b
0.3414634098750744,0.044943815503093544,0.31707316597263535,0.3186899580065579,2.1302115633148065e-78,0.8805596232414246,gemma2:27b
0.17777777307654333,0.021052626925208786,0.11111110640987674,0.20914546012001223,4.145932458196447e-155,0.8653889298439026,gemma2:27b
0.20779220293472772,0.024390239048186567,0.20779220293472772,0.32059314954051793,1.518944960755527e-78,0.8769533634185791,gemma2:27b
0.338983045860385,0.12499999500488301,0.30508474077563924,0.27095583996310396,0.08678934256048675,0.884777307510376,gemma2:27b
0.46153845665680476,0.12080536434394867,0.430769225887574,0.36509200633161853,0.07538305785575009,0.8704678416252136,gemma2:27b
0.41958041458262024,0.15950919746320918,0.3496503446525503,0.38362241803999186,0.11394667276911251,0.8939578533172607,gemma2:27b
0.37647058354048446,0.0645161244536944,0.3529411717757786,0.35969387755102045,5.470663823820751e-155,0.8873875737190247,gemma2:27b
0.2539682490557376,0.06374501498706407,0.23280422789171645,0.27041196118870786,0.035550578436387585,0.8552908301353455,gemma2:27b
0.25396824902998244,0.028571423575511075,0.25396824902998244,0.20526670325832044,4.477810526893474e-155,0.8727693557739258,gemma2:27b
0.4324324274360848,0.156424576009488,0.3918918868955442,0.35111291385691834,0.14655139277081344,0.8900584578514099,gemma2:27b
0.41269840776014116,0.08333332842978425,0.41269840776014116,0.5193485014619882,3.0492427996341106e-78,0.8955896496772766,gemma2:27b
0.525547440268528,0.28735631684964996,0.4671532796845863,0.44655283453520733,0.1997736298776697,0.8952399492263794,gemma2:27b
0.3829787186306021,0.14953270559874238,0.3829787186306021,0.38923064896329435,2.1641607002114864e-78,0.8806209564208984,gemma2:27b
0.3999999951680556,0.11111110630015453,0.3333333285013889,0.44854905859690547,2.0962841106827013e-78,0.8839473128318787,gemma2:27b
0.471698108508366,0.22222221750566903,0.4150943349234604,0.5489161530633796,0.1691987071466962,0.9036787748336792,gemma2:27b
0.21359222830427008,0.0877192936903665,0.19417475257611472,0.333642717217427,0.10492803176861451,0.8754643201828003,gemma2:27b
0.2222222174351223,0.030769225912426805,0.2222222174351223,0.26731947426297326,5.6720435162177846e-155,0.8715900778770447,gemma2:27b
0.26168223830902265,0.03448275405023842,0.26168223830902265,0.38180304632483636,0.05342890299865475,0.873775839805603,gemma2:27b
0.15686274037485598,0.01709401249178296,0.15686274037485598,0.2698237096866587,4.605693338645993e-155,0.8595191240310669,gemma2:27b
0.4385964864142814,0.08759123604241062,0.3684210478177901,0.3655425584868094,2.098624488396308e-78,0.8881180882453918,gemma2:27b
0.2954545408910124,0.0808080761799819,0.2954545408910124,0.35147392290249435,5.658293006556572e-155,0.8419312834739685,gemma2:27b
0.42424241939687785,0.08737863592939986,0.3878787830332415,0.43133911706199957,0.08881834501550305,0.8912757039070129,gemma2:27b
0.32558139071690406,0.05298012775053767,0.31007751474791184,0.3023495176446532,1.3963171013016636e-78,0.8547958135604858,gemma2:27b
0.23655913481327334,0.05940593567689483,0.23655913481327334,0.2698237096866587,1.8624736479895074e-78,0.8563400506973267,gemma2:27b
0.4107142809072067,0.12499999527465838,0.374999995192921,0.4085524575787525,0.06946905149060598,0.8801606893539429,gemma2:27b
0.27350426890203816,0.015037589507604927,0.22222221761998698,0.2621952686929945,3.813335341472073e-155,0.8720627427101135,gemma2:27b
0.3428571379337869,0.0826446232798309,0.30476189983854884,0.32437188004698275,1.9712738962444106e-78,0.8829834461212158,gemma2:27b
0.299212593450307,0.013513508528124555,0.28346456195424397,0.218978102189781,5.516130313023017e-155,0.8537843227386475,gemma2:27b
0.2857142808163266,0.026315784529086797,0.2285714236734695,0.259159449665254,5.52519334374146e-155,0.8632590770721436,gemma2:27b
0.34408601681119205,0.05357142408801058,0.25806451143484804,0.2906045741907063,1.650807079540631e-78,0.8705989122390747,gemma2:27b
0.30357142367346945,0.06504064552581172,0.26785713795918376,0.27854846523098603,0.08353142497913257,0.8817835450172424,gemma2:27b
0.39252335952135564,0.1718749950598146,0.3738317707363089,0.446902093232452,0.1196655750514248,0.9077810049057007,gemma2:27b
0.3539822960920981,0.16666666189164386,0.3539822960920981,0.43096396003031356,0.09976448843890735,0.8801548480987549,gemma2:27b
0.39603959910204883,0.16216215734112505,0.3366336585079895,0.3471376595006679,0.0826180853224224,0.8864206075668335,gemma2:27b
